"Filename","LineNumber","Line"
"AccountSecurity.tsx","24","  const { isLight } = useAppTheme();"
"AccountSecurity.tsx","116","      isLight ? ""bg-black/[0.02] border-black/5"" : ""bg-white/[0.02] border-white/5"""
"AccountSecurity.tsx","121","          isLight ? ""bg-white/50 border-black/5"" : ""bg-black/50 border-white/5"""
"AccountSecurity.tsx","126","          <h4 className={cn(""text-[14px] font-black uppercase italic tracking-tight"", isLight ? ""text-black"" : ""text-white"")}>{title}</h4>"
"AccountSecurity.tsx","136","          !isLight && ""bg-white/10"""
"AccountSecurity.tsx","156","        <div className={cn(""w-full h-1.5 rounded-full overflow-hidden"", isLight ? ""bg-black/5"" : ""bg-white/5"")}>"
"AccountSecurity.tsx","189","            isLight ? ""bg-black/[0.02] border-black/5 hover:bg-black/[0.04]"" : ""bg-white/[0.02] border-white/5 hover:bg-white/[0.04]"""
"AccountSecurity.tsx","196","              isLight ? ""bg-white/50 border-black/5"" : ""bg-black/50 border-white/5"""
"AccountSecurity.tsx","201","              <h4 className={cn(""text-[14px] font-black uppercase italic tracking-tight"", isLight ? ""text-black"" : ""text-white"")}>Access Key</h4>"
"AccountSecurity.tsx","213","            isLight ? ""bg-white/95 border-black/5"" : ""bg-black/95 border-white/5"""
"AccountSecurity.tsx","217","                 <h3 className={cn(""text-2xl font-black uppercase italic tracking-tighter"", isLight ? ""text-black"" : ""text-white"")}>Rotate Credentials</h3>"
"AccountSecurity.tsx","230","                      isLight ? ""bg-black/[0.03] border-black/10"" : ""bg-white/[0.03] border-white/10"""
"AccountSecurity.tsx","251","                    isLight ? ""bg-black/[0.03] border-black/10"" : ""bg-white/[0.03] border-white/10"""
"AccountSecurity.tsx","262","                    isLight ? ""bg-black/[0.03] border-black/10"" : ""bg-white/[0.03] border-white/10"""
"AccountSecurity.tsx","271","                  className={cn(""h-14 rounded-xl font-bold uppercase tracking-widest opacity-60"", isLight ? ""border-black/10"" : ""border-white/10"")}"
"AIListingWizard.tsx","35","  const { theme, isLight } = useAppTheme();"
"AIListingWizard.tsx","42","  const modalBg = isLight ? 'bg-white border-black/10' : 'bg-black border-white/10';"
"AIListingWizard.tsx","43","  const headerBorder = isLight ? 'border-black/8' : 'border-white/5';"
"AIListingWizard.tsx","44","  const textPrimary = isLight ? 'text-black' : 'text-white';"
"AIListingWizard.tsx","45","  const textMuted = isLight ? 'text-black/50' : 'text-white/50';"
"AIListingWizard.tsx","46","  const textSubtle = isLight ? 'text-black/30' : 'text-white/30';"
"AIListingWizard.tsx","47","  const inputCls = isLight"
"AIListingWizard.tsx","50","  const cardCls = isLight"
"AIListingWizard.tsx","53","  const reviewCardCls = isLight ? 'border-black/8 bg-black/5 backdrop-blur-xl' : 'border-white/5 bg-white/5 backdrop-blur-xl';"
"AIListingWizard.tsx","54","  const closeBtnCls = isLight"
"AIListingWizard.tsx","57","  const dividerCls = isLight ? 'bg-black/10' : 'bg-white/10';"
"AIListingWizard.tsx","204","            isLight ? ""bg-black/30"" : ""bg-black/80"","
"AIListingWizard.tsx","214","              isLight ? ""shadow-[0_40px_100px_rgba(0,0,0,0.2)]"" : ""shadow-[0_40px_100px_rgba(0,0,0,1)]"","
"AIListingWizard.tsx","242","                <X className={cn(""w-5 h-5"", isLight ? ""text-black/60"" : ""text-white/70"")} />"
"AIListingWizard.tsx","277","                            <div className={cn(""w-16 h-16 rounded-2xl flex items-center justify-center border shadow-inner transition-all group-hover:scale-110"", cat.bg, isLight ? ""border-black/5"" : ""border-white/5"")}>"
"AIListingWizard.tsx","318","                                  className={cn(""aspect-square rounded-3xl overflow-hidden border relative group shadow-2xl"", isLight ? ""border-black/10"" : ""border-white/10"")}"
"AIListingWizard.tsx","332","                              className={cn(""aspect-square rounded-[2rem] border-2 border-dashed flex flex-col items-center justify-center gap-3 hover:bg-cyan-500/5 hover:border-cyan-500/40 transition-all group shadow-inner"", isLight ? ""border-black/15"" : ""border-white/10"")}"
"AIListingWizard.tsx","334","                              <div className={cn(""p-3 rounded-2xl border group-hover:bg-cyan-500/20 group-hover:border-cyan-400/30 transition-all"", isLight ? ""bg-black/5 border-black/5"" : ""bg-white/5 border-white/5"")}>"
"AtmosphericLayer.tsx","16","  const { isLight } = useAppTheme();"
"AtmosphericLayer.tsx","47","          top: isLight ? ""bg-blue-400/10"" : ""bg-primary/5"","
"AtmosphericLayer.tsx","48","          bottom: isLight ? ""bg-indigo-300/10"" : ""bg-primary/2"","
"AtmosphericLayer.tsx","49","          radial: isLight ? ""rgba(59,130,246,0.02)"" : ""rgba(255,107,53,0.03)"""
"AtmosphericLayer.tsx","53","          top: isLight ? ""bg-rose-200/20"" : ""bg-rose-900/15"","
"AtmosphericLayer.tsx","54","          bottom: isLight ? ""bg-rose-100/15"" : ""bg-rose-500/8"","
"AtmosphericLayer.tsx","55","          radial: isLight ? ""rgba(244,63,94,0.03)"" : ""rgba(244,63,94,0.04)"""
"AtmosphericLayer.tsx","59","          top: isLight ? ""bg-indigo-200/20"" : ""bg-indigo-900/15"","
"AtmosphericLayer.tsx","60","          bottom: isLight ? ""bg-indigo-100/15"" : ""bg-indigo-500/8"","
"AtmosphericLayer.tsx","61","          radial: isLight ? ""rgba(99,102,241,0.03)"" : ""rgba(99,102,241,0.04)"""
"AtmosphericLayer.tsx","77","          top: isLight ? ""bg-slate-200/30"" : ""bg-indigo-900/12"","
"AtmosphericLayer.tsx","78","          bottom: isLight ? ""bg-blue-100/25"" : ""bg-primary/6"","
"AtmosphericLayer.tsx","79","          radial: isLight ? ""rgba(15,23,42,0.02)"" : ""rgba(255,107,53,0.03)"""
"AtmosphericLayer.tsx","113","          isLight ? ""bg-primary/5"" : ""bg-primary/10"""
"AtmosphericLayer.tsx","117","          isLight ? ""bg-blue-400/5"" : ""bg-blue-400/10"""
"BottomNavigation.tsx","89","  const { theme, isLight } = useAppTheme();"
"BottomNavigation.tsx","265","          background: isLight ? 'rgba(255, 255, 255, 0.98)' : 'rgba(10, 15, 30, 0.55)',"
"BottomNavigation.tsx","385","                        : (isLight ? '#000000' : 'rgba(255,255,255,0.7)'),"
"BottomNavigation.tsx","403","                          : (isLight ? '#000000' : 'rgba(255,255,255,0.7)'),"
"ClientSwipeContainer.tsx","74","  const { isLight } = useAppTheme();"
"ClientSwipeContainer.tsx","878","        isLight ? ""bg-transparent"" : ""bg-black"""
"ClientSwipeContainer.tsx","882","          isLight ? ""bg-transparent"" : ""bg-black"""
"ClientSwipeContainer.tsx","900","                isLight ? ""bg-white border-black/10 text-black"" : ""bg-black/80 border-white/20 text-white"","
"ClientSwipeContainer.tsx","907","            <span className={cn(""text-sm font-black uppercase tracking-wider"", isLight ? ""text-black"" : ""text-white"")}>"
"ClientVerificationFlow.tsx","26","  const { theme, isLight } = useAppTheme();"
"ClientVerificationFlow.tsx","298","                <div className={cn(""rounded-[2rem] p-8 border flex items-start gap-6 text-left"", isLight ? ""bg-black/[0.02] border-black/5"" : ""bg-white/[0.03] border-white/5"")}>"
"ConciergeChat.tsx","344","  const { theme, isLight } = useAppTheme();"
"ConciergeChat.tsx","592","                <header className={cn(""h-20 shrink-0 flex items-center justify-between px-6 border-b backdrop-blur-3xl"", isLight && !isSwipess ? ""border-slate-200 bg-white/80"" : ""border-white/5 bg-black/40"")}>"
"ConciergeChat.tsx","596","                      className={cn(""w-12 h-12 flex items-center justify-center rounded-2xl transition-all border"", isLight && !isSwipess ? ""bg-slate-100 border-slate-200 hover:bg-slate-200"" : ""bg-white/5 border-white/5 hover:bg-white/10"")}"
"ConciergeChat.tsx","598","                      <Menu className={cn(""w-5 h-5"", isLight && !isSwipess ? ""text-slate-600"" : ""text-white/60"")} />"
"ConciergeChat.tsx","601","                       <span className={cn(""text-[13px] font-black uppercase tracking-[0.4em] italic"", isSwipess ? ""text-[#FF3D00] brand-glow drop-shadow-[0_0_10px_rgba(255,61,0,0.5)]"" : isLight ? ""text-primary"" : ""text-[#FF3D00]"")}>INTEL INTERFACE</span>"
"ConciergeChat.tsx","604","                          <span className={cn(""text-[9px] font-bold tracking-widest uppercase"", isLight && !isSwipess ? ""text-slate-400"" : ""text-white/60"")}>System: Operational</span>"
"ConciergeChat.tsx","612","                        <button className={cn(""flex items-center gap-3 px-4 py-2 rounded-2xl border transition-all"", isLight && !isSwipess ? ""bg-slate-100 border-slate-200 hover:bg-slate-200"" : ""bg-white/5 border-white/5 hover:bg-white/10"")}>"
"ConciergeChat.tsx","614","                              <p className={cn(""text-[10px] font-black uppercase tracking-widest"", isLight && !isSwipess ? ""text-slate-800"" : ""text-white"")}>{currentChar.label}</p>"
"ConciergeChat.tsx","658","                      className={cn(""w-12 h-12 flex items-center justify-center rounded-2xl transition-all border"", isLight && !isSwipess ? ""bg-slate-100 border-slate-200 hover:bg-slate-200"" : ""bg-white/5 border-white/5 hover:bg-white/10"")}"
"ConciergeChat.tsx","660","                      <X className={cn(""w-5 h-5"", isLight && !isSwipess ? ""text-slate-600"" : ""text-white/60"")} />"
"ConciergeChat.tsx","665","                <div className={cn(""flex-1 overflow-hidden relative flex flex-col"", isLight && !isSwipess ? ""bg-slate-50"" : ""bg-black/20"")}>"
"ConciergeChat.tsx","682","                              isLight ? ""text-black"" : ""text-white brand-glow drop-shadow-[0_0_8px_rgba(255,255,255,0.3)]"""
"ConciergeChat.tsx","688","                              isLight ? ""text-black/70"" : ""text-[#FF3D00]/60"""
"ConciergeChat.tsx","700","                                 isLight && !isSwipess"
"ConciergeChat.tsx","706","                               <ArrowRight className={cn(""w-4 h-4 opacity-0 group-hover:opacity-100 transition-all translate-x-[-10px] group-hover:translate-x-0"", isLight && !isSwipess ? ""text-primary"" : ""text-[#FF3D00]"")} />"
"ConciergeChat.tsx","730","                   <div className={cn(""p-6 pb-[calc(env(safe-area-inset-bottom,0px)+24px)] backdrop-blur-3xl border-t"", isLight && !isSwipess ? ""bg-white/80 border-slate-200"" : ""bg-black/60 border-white/5"")}>"
"ConciergeChat.tsx","734","                            isListening ? ""neon-orange-glow bg-[#FF3D00]/5 border-[#FF3D00]/50"" : isLight && !isSwipess ? ""border-slate-200 bg-slate-100 group-hover:bg-slate-200"" : ""border-white/5 bg-white/5 group-hover:bg-white/10"""
"ConciergeChat.tsx","742","                              className={cn(""w-full bg-transparent border-none focus:ring-0 text-sm py-4 px-6 resize-none max-h-48 min-h-[64px] font-medium"", isLight && !isSwipess ? ""text-slate-900 placeholder:text-slate-400"" : ""text-white placeholder:text-white/20"")}"
"ConciergeChat.tsx","752","                                       isListening ? ""bg-red-500 text-white"" : isLight && !isSwipess ? ""bg-slate-200 text-slate-500 hover:text-slate-800"" : ""bg-white/5 text-white/70 hover:text-white"""
"ConciergeChat.tsx","767","                                    className={cn(""w-12 h-12 flex items-center justify-center rounded-2xl transition-all"", isLight && !isSwipess ? ""bg-slate-200 text-primary/60 hover:text-primary"" : ""bg-white/5 text-primary/40 hover:text-primary"")}"
"ConnectionErrorScreen.tsx","31","  const isLight = theme === 'light';"
"ConnectionErrorScreen.tsx","93","        <div className={cn(""flex items-center gap-2 pt-4"", isLight ? ""opacity-20"" : ""opacity-10"")}>"
"DeleteAccountSection.tsx","19","  const { isLight } = useAppTheme();"
"DeleteAccountSection.tsx","59","      isLight ? ""bg-white/40"" : ""bg-black/40"""
"DeleteAccountSection.tsx","66","        <h2 className={cn(""text-3xl font-black uppercase italic tracking-tighter leading-none"", isLight ? ""text-black"" : ""text-white"")}>Delete Swipess Identity</h2>"
"DigitalSignaturePad.tsx","20","  const { isLight } = useAppTheme();"
"DigitalSignaturePad.tsx","120","          isLight ? ""bg-black/[0.04] border-black/5"" : ""bg-white/[0.04] border-white/10"""
"DigitalSignaturePad.tsx","156","                <div className={cn(""w-20 h-20 rounded-full border flex items-center justify-center mb-6 animate-pulse"", isLight ? ""bg-black/5 border-black/5"" : ""bg-white/5 border-white/10"")}>"
"DigitalSignaturePad.tsx","159","                <h4 className={cn(""text-base font-black uppercase tracking-[0.3em] italic"", isLight ? ""text-black/70"" : ""text-white/70"")}>Hold and sign here</h4>"
"DigitalSignaturePad.tsx","162","                  <span className={cn(""text-[10px] font-black uppercase tracking-widest opacity-20"", isLight ? ""text-black"" : ""text-white"")}>Liquid Signature Pad v2</span>"
"DigitalSignaturePad.tsx","171","            <span className={cn(""text-[9px] font-black uppercase tracking-[0.5em] italic"", isLight ? ""text-black"" : ""text-white"")}>Encrypted Digital Hash</span>"
"DigitalSignaturePad.tsx","182","            isLight "
"GlobalDialogs.tsx","38","  const { isLight, theme } = useAppTheme();"
"GlobalDialogs.tsx","39","  const isSwipess = theme === 'dark' || !isLight;"
"LandingBackgroundEffects.tsx","60","function LandingBackgroundEffects({ mode, isLightTheme = false, disableSounds = false }: { mode: EffectMode; isLightTheme?: boolean; disableSounds?: boolean }) {"
"LandingBackgroundEffects.tsx","324","           ctx.shadowColor = isLightTheme ? 'rgba(0,0,0,0.1)' : 'rgba(255,150,100,0.2)';"
"LandingBackgroundEffects.tsx","329","        ctx.fillStyle = isLightTheme"
"LandingBackgroundEffects.tsx","353","        grad.addColorStop(1, isLightTheme ? `rgba(100,100,255,${fadeAlpha * 0.8})` : `rgba(255,255,255,${fadeAlpha})`);"
"LandingBackgroundEffects.tsx","484","      nebulaGrad.addColorStop(0, isLightTheme ? 'rgba(255,255,255,0)' : 'rgba(10, 20, 60, 0.04)');"
"LandingBackgroundEffects.tsx","485","      nebulaGrad.addColorStop(0.5, isLightTheme ? 'rgba(0,0,0,0)' : 'rgba(5, 10, 30, 0.02)');"
"LandingBackgroundEffects.tsx","494","        const glowOpacity = isLightTheme ? 0.04 : (pointerRef.current.isDown ? 0.08 : 0.05);"
"LandingBackgroundEffects.tsx","501","        const haloColor = isLightTheme ? '70, 100, 255' : '255, 255, 255';"
"LandingBackgroundEffects.tsx","538","  }, [mode, isLightTheme, initStars, initClouds]);"
"LegendaryLandingPage.tsx","485","        <LandingBackgroundEffects mode={view === 'auth' ? 'off' : 'stars'} isLightTheme={false} />"
"LikedClients.tsx","47","  const isLight = theme === ""light"";"
"LikedClients.tsx","206","                backgroundColor: isLight ? 'rgba(0,0,0,0.04)' : 'rgba(255,255,255,0.04)',"
"LikedClients.tsx","207","                borderColor: isLight ? 'rgba(0,0,0,0.08)' : 'rgba(255,255,255,0.08)',"
"LikedClients.tsx","208","                color: isLight ? '#000000' : '#ffffff'"
"LikedClients.tsx","225","              isLight ? ""bg-black/5 border-black/10 focus:border-primary text-black placeholder:text-black/40"" : ""bg-white/[0.04] border-white/[0.08] focus:border-primary text-white"""
"LikedClients.tsx","242","                backgroundColor: isLight ? 'rgba(0,0,0,0.04)' : 'rgba(255,255,255,0.04)',"
"LikedClients.tsx","243","                borderColor: isLight ? 'rgba(0,0,0,0.08)' : 'rgba(255,255,255,0.08)',"
"LikedClients.tsx","244","                color: isLight ? '#000000' : '#ffffff'"
"MessagingInterface.tsx","67","  const { theme, isLight } = useAppTheme();"
"MessagingInterface.tsx","68","  const isThemeLight = isLight;"
"ModeSwitcher.tsx","19","  const { isLight } = useAppTheme();"
"ModeSwitcher.tsx","41","    background: isLight"
"ModeSwitcher.tsx","65","            ? (isLight ? 'rgba(244, 63, 94, 0.12)' : 'rgba(244, 63, 94, 0.22)')"
"ModeSwitcher.tsx","84","            ? (isLight ? 'rgba(249, 115, 22, 0.14)' : 'rgba(249, 115, 22, 0.24)')"
"NotificationBar.tsx","19","  const isLight = theme === 'light';"
"NotificationBar.tsx","163","              background: isLight ? 'rgba(255,255,255,0.85)' : 'rgba(20,20,24,0.92)',"
"NotificationBar.tsx","164","              border: isLight ? `1px solid rgba(0,0,0,0.08)` : `1px solid ${config.accentColor}33`,"
"NotificationBar.tsx","165","              boxShadow: isLight"
"NotificationBar.tsx","190","                  style={{ color: isLight ? '#000' : '#fff' }}"
"NotificationBar.tsx","194","                <p className=""text-[13px] truncate leading-snug font-medium"" style={{ color: isLight ? 'rgba(0,0,0,0.55)' : 'rgba(255,255,255,0.55)' }}>"
"NotificationBar.tsx","203","                style={{ background: isLight ? 'rgba(0,0,0,0.06)' : 'rgba(255,255,255,0.1)' }}"
"NotificationBar.tsx","206","                <X className=""w-4 h-4"" style={{ color: isLight ? 'rgba(0,0,0,0.4)' : 'rgba(255,255,255,0.5)' }} />"
"OwnerInsightsDashboard.tsx","12","  const { isLight } = useAppTheme();"
"OwnerInsightsDashboard.tsx","41","          <h2 className={cn(""text-2xl font-black tracking-tight"", isLight ? ""text-slate-900"" : ""text-white"")}>Market Insights</h2>"
"OwnerInsightsDashboard.tsx","42","          <p className={cn(""text-[10px] font-black uppercase tracking-[0.25em]"", isLight ? ""text-slate-400"" : ""text-white/20"")}>Performance Analysis</p>"
"OwnerInsightsDashboard.tsx","46","          isLight ? ""bg-black/5 border-black/5"" : ""bg-white/5 border-white/10"""
"OwnerInsightsDashboard.tsx","64","              isLight ? ""bg-gradient-to-b from-black/5 to-transparent"" : ""bg-gradient-to-b from-white/5 to-transparent"""
"OwnerInsightsDashboard.tsx","68","              isLight ? ""bg-white border-black/5 shadow-sm"" : ""bg-white/[0.03] border-white/5"""
"OwnerInsightsDashboard.tsx","80","                <div className={cn(""text-xl font-black tracking-tighter"", isLight ? ""text-slate-900"" : ""text-white"")}>{stat.value}</div>"
"OwnerInsightsDashboard.tsx","81","                <div className={cn(""text-[9px] font-black uppercase tracking-widest"", isLight ? ""text-slate-400"" : ""text-white/60"")}>{stat.label}</div>"
"OwnerInsightsDashboard.tsx","94","          isLight ? ""bg-white border-black/5 shadow-sm"" : ""bg-white/[0.02] border-white/5"""
"OwnerInsightsDashboard.tsx","99","            <h3 className={cn(""text-sm font-black tracking-tight"", isLight ? ""text-slate-900"" : ""text-white"")}>Match Convergence</h3>"
"OwnerInsightsDashboard.tsx","100","            <p className={cn(""text-[10px] font-bold"", isLight ? ""text-slate-400"" : ""text-white/20"")}>Client demand vs. Listing supply</p>"
"OwnerInsightsDashboard.tsx","102","          <BarChart3 className={cn(""w-5 h-5"", isLight ? ""text-slate-400"" : ""text-white/10"")} />"
"OwnerInsightsDashboard.tsx","119","                isLight ? ""text-slate-900"" : ""text-white"""
"OwnerInsightsDashboard.tsx","131","        isLight ? ""bg-white border-black/5 shadow-sm"" : ""bg-gradient-to-br from-indigo-500/5 to-purple-500/5 border-white/5"""
"OwnerInsightsDashboard.tsx","135","          <span className={cn(""text-xs font-black uppercase tracking-widest"", isLight ? ""text-slate-500"" : ""text-white/60"")}>Engagement Logic</span>"
"OwnerInsightsDashboard.tsx","140","            <span className={cn(""text-[11px] font-medium"", isLight ? ""text-slate-400"" : ""text-white/70"")}>Response Accuracy</span>"
"OwnerInsightsDashboard.tsx","141","            <span className={cn(""text-[11px] font-black"", isLight ? ""text-slate-900"" : ""text-white"")}>98.2%</span>"
"OwnerInsightsDashboard.tsx","143","          <div className={cn(""h-1.5 w-full rounded-full overflow-hidden"", isLight ? ""bg-black/5"" : ""bg-white/5"")}>"
"OwnerInsightsDashboard.tsx","152","            <span className={cn(""text-[11px] font-medium"", isLight ? ""text-slate-400"" : ""text-white/70"")}>Converged Matches</span>"
"OwnerInsightsDashboard.tsx","153","            <span className={cn(""text-[11px] font-black"", isLight ? ""text-slate-900"" : ""text-white"")}>{data?.conversion_rate}%</span>"
"OwnerInsightsDashboard.tsx","155","          <div className={cn(""h-1.5 w-full rounded-full overflow-hidden"", isLight ? ""bg-black/5"" : ""bg-white/5"")}>"
"OwnerListingsStats.tsx","8","  isLight?: boolean;"
"OwnerListingsStats.tsx","11","export function OwnerListingsStats({ listings, isLight = false }: OwnerListingsStatsProps) {"
"OwnerListingsStats.tsx","85","              isLight"
"OwnerListingsStats.tsx","92","                    <p className={cn(""text-[10px] font-black uppercase tracking-[0.2em] truncate italic"", isLight ? 'text-slate-500' : 'text-white/70')}>"
"OwnerListingsStats.tsx","96","                      <h3 className={cn(""text-3xl sm:text-4xl font-black tracking-tighter uppercase italic truncate"", isLight ? ""text-slate-950"" : ""text-white"")}>"
"OwnerListingsStats.tsx","103","                    <p className={cn(""text-[9px] font-black uppercase tracking-[0.3em] mt-2 italic"", isLight ? 'text-slate-400' : 'text-white/60')}>"
"OwnerListingsStats.tsx","111","                        isLight ? ""bg-white shadow-sm"" : ""bg-black/40"""
"OwnerListingsStats.tsx","132","            isLight ? ""bg-black/[0.03]"" : ""bg-white/[0.04] backdrop-blur-3xl"""
"OwnerListingsStats.tsx","136","                <h4 className={cn(""text-[10px] font-black uppercase tracking-[0.3em] italic"", isLight ? 'text-black opacity-50' : 'text-white opacity-50')}>Asset Breakdown</h4>"
"OwnerListingsStats.tsx","139","                    <span className={cn(""text-[10px] font-black uppercase tracking-widest italic opacity-70"", isLight ? 'text-black' : 'text-white')}>{totalListings} Units synchronized</span>"
"OwnerListingsStats.tsx","144","              <div className={cn(""h-1 rounded-full overflow-hidden flex"", isLight ? 'bg-black/5' : 'bg-white/5')}>"
"OwnerListingsStats.tsx","163","                        <span className={cn(""text-[10px] font-black uppercase tracking-widest italic leading-none"", isLight ? 'text-black' : 'text-white')}>"
"OwnerListingsStats.tsx","166","                        <span className={cn(""text-[8px] font-black uppercase tracking-[0.1em] opacity-70 mt-0.5"", isLight ? 'text-black' : 'text-white')}>"
"OwnerSettingsDialog.tsx","17","  const { isLight } = useAppTheme();"
"OwnerSettingsDialog.tsx","24","          isLight ? ""bg-white/80 border-black/5"" : ""bg-black/80 border-white/5"""
"OwnerSettingsDialog.tsx","34","                <h2 className={cn(""text-4xl font-black uppercase italic tracking-tighter leading-none"", isLight ? ""text-black"" : ""text-white"")}>System Settings</h2>"
"OwnerSettingsDialog.tsx","40","                className={cn(""w-12 h-12 rounded-2xl transition-all"", isLight ? ""bg-black/5 hover:bg-black/10"" : ""bg-white/5 hover:bg-white/10"")}"
"OwnerSettingsDialog.tsx","57","                isLight ? ""bg-black/[0.02]"" : ""bg-white/[0.02]"""
"OwnerSettingsDialog.tsx","75","                    isLight ? ""bg-black/[0.03] hover:bg-black/[0.06]"" : ""bg-white/[0.03] hover:bg-white/[0.06]"""
"OwnerSettingsDialog.tsx","90","                    isLight ? ""bg-black/[0.03] hover:bg-black/[0.06]"" : ""bg-white/[0.03] hover:bg-white/[0.06]"""
"OwnerSettingsDialog.tsx","111","                isLight ? ""bg-red-500/[0.02]"" : ""bg-red-500/[0.04]"""
"PageHeader.tsx","33","  const isLight = theme === 'light';"
"PageHeader.tsx","53","            style={isLight ? {"
"PremiumLikedCard.tsx","9","    isLight?: boolean;"
"PremiumLikedCard.tsx","12","export const PremiumLikedCard = memo(({ type, data, onAction, isLight }: PremiumLikedCardProps) => {"
"PremiumLikedCard.tsx","28","                isLight"
"PremiumLikedCard.tsx","131","                          isLight"
"PropertyManagement.tsx","43","  const { theme, isLight } = useAppTheme();"
"PropertyManagement.tsx","230","      <div className={cn(""w-full transition-colors duration-500 min-h-[50vh] flex flex-col items-center justify-center gap-6"", isLight ? ""bg-white"" : ""bg-black"")}>"
"PropertyManagement.tsx","232","          <p className={cn(""text-[10px] font-black uppercase tracking-[0.4em] italic opacity-70"", isLight ? ""text-black"" : ""text-white"")}>Synchronizing Listings...</p>"
"PropertyManagement.tsx","238","    <div className={cn(""w-full transition-colors duration-500"", isLight ? ""bg-white"" : ""bg-black"")}>"
"PropertyManagement.tsx","259","              <h1 className={cn(""text-3xl font-black tracking-tighter uppercase italic leading-none"", isLight ? ""text-black"" : ""text-white"")}>Listing Control</h1>"
"PropertyManagement.tsx","260","              <p className={cn(""text-[10px] font-black uppercase tracking-[0.3em] opacity-70 italic mt-2"", isLight ? ""text-black"" : ""text-white"")}>Real-time Asset Management Protocol</p>"
"PropertyManagement.tsx","276","            <OwnerListingsStats listings={listings} isLight={isLight} />"
"PropertyManagement.tsx","282","                <Search className={cn(""absolute left-6 top-1/2 -translate-y-1/2 w-5 h-5 opacity-70 z-10"", isLight ? ""text-black"" : ""text-white"")} />"
"PropertyManagement.tsx","289","                        isLight ? 'bg-black/[0.04] text-black placeholder:text-black/20 focus:bg-black/5' : 'bg-white/[0.06] text-white placeholder:text-white/20 focus:bg-white/10'"
"PropertyManagement.tsx","297","                    isLight ? 'bg-black/[0.03] border border-black/5' : 'bg-white/[0.03] border border-white/5'"
"PropertyManagement.tsx","309","                            color: isLight ? 'rgba(0,0,0,0.6)' : 'rgba(255,255,255,0.6)',"
"PropertyManagement.tsx","310","                            backgroundColor: isLight ? 'rgba(0,0,0,0.03)' : 'rgba(255,255,255,0.02)'"
"PropertyManagement.tsx","342","                    isLight"
"PropertyManagement.tsx","347","                    <div className={cn(""relative aspect-[16/10] overflow-hidden"", isLight ? 'bg-black/5' : 'bg-white/5')}>"
"PropertyManagement.tsx","356","                          <ImageIcon className={cn(""w-12 h-12 opacity-20"", isLight ? 'text-black' : 'text-white')} />"
"PropertyManagement.tsx","402","                        <h3 className={cn(""text-xl font-black tracking-tighter uppercase italic line-clamp-1"", isLight ? ""text-black"" : ""text-white"")}>{listing.title}</h3>"
"PropertyManagement.tsx","405","                            <MapPin className={cn(""w-3 h-3"", isLight ? ""text-black"" : ""text-white"")} />"
"PropertyManagement.tsx","406","                            <span className={cn(""text-[10px] font-black uppercase tracking-widest truncate"", isLight ? ""text-black"" : ""text-white"")}>"
"PropertyManagement.tsx","414","                      <div className={cn(""pt-4 border-t"", isLight ? 'border-black/5' : 'border-white/5')}>"
"PropertyManagement.tsx","415","                        <p className={cn(""text-[9px] font-black uppercase tracking-[0.3em] opacity-40 mb-3 ml-1"", isLight ? ""text-black"" : ""text-white"")}>Operational Status</p>"
"PropertyManagement.tsx","427","                              isLight "
"PropertyManagement.tsx","449","                            isLight "
"PropertyManagement.tsx","495","                            isLight ? 'bg-white border-black/5' : 'bg-black border-white/10'"
"PropertyManagement.tsx","498","                              <AlertDialogTitle className={cn(""text-3xl font-black uppercase italic tracking-tighter"", isLight ? ""text-black"" : ""text-white"")}>Purge Listing?</AlertDialogTitle>"
"PropertyManagement.tsx","499","                              <AlertDialogDescription className={cn(""text-[14px] font-bold leading-relaxed italic opacity-70"", isLight ? ""text-black"" : ""text-white"")}>"
"PropertyManagement.tsx","504","                              <AlertDialogCancel className={cn(""h-14 px-8 rounded-2xl font-black uppercase italic tracking-widest border-none text-[10px]"", isLight ? 'bg-black/5 text-black' : 'bg-white/5 text-white')}>Abort</AlertDialogCancel>"
"PropertyManagement.tsx","527","                isLight ? ""bg-black/[0.02] border-black/5"" : ""bg-white/[0.02] border-white/5"""
"PropertyManagement.tsx","532","                isLight ? ""bg-white border-black/5"" : ""bg-black border-white/5"""
"PropertyManagement.tsx","540","              <h3 className={cn(""font-black text-3xl tracking-tighter uppercase italic mb-4"", isLight ? ""text-black"" : ""text-white"")}>"
"PropertyManagement.tsx","543","              <p className={cn(""text-[14px] font-bold leading-relaxed italic opacity-70 max-w-xs mx-auto mb-12"", isLight ? ""text-black"" : ""text-white"")}>"
"QuickFilterBar.tsx","108","  const { isLight } = useAppTheme();"
"QuickFilterBar.tsx","138","            ? cn('bg-primary shadow-lg shadow-primary/20 scale-[1.02]', isLight ? 'text-black' : 'text-white')"
"QuickFilterBar.tsx","139","            : isLight "
"QuickFilterBar.tsx","153","            isLight ? ""bg-white/95 border-black/10"" : ""bg-black/95 border-white/10"""
"QuickFilterBar.tsx","167","                  ? (isLight ? 'bg-black text-white' : 'bg-white text-black')"
"QuickFilterBar.tsx","168","                  : (isLight ? 'text-black hover:bg-black/5' : 'text-white hover:bg-white/5')"
"QuickFilterBar.tsx","183","  const { theme, isLight } = useAppTheme();"
"QuickFilterBar.tsx","298","                    : (isLight ? 'border-black/15 shadow-md' : 'border-white/15 shadow-md')"
"QuickFilterBar.tsx","305","                    ? (isLight ? ""bg-white/35"" : ""bg-black/35"")"
"QuickFilterBar.tsx","306","                    : (isLight ? ""bg-white/55"" : ""bg-black/55"")"
"QuickFilterBar.tsx","311","                  isLight ? ""text-black"" : ""text-white"","
"QuickFilterBar.tsx","371","              : (isLight ? 'border-black/15 shadow-md' : 'border-white/15 shadow-md')"
"QuickFilterBar.tsx","384","              ? (isLight ? ""bg-white/35"" : ""bg-black/35"")"
"QuickFilterBar.tsx","385","              : (isLight ? ""bg-white/55"" : ""bg-black/55"")"
"QuickFilterBar.tsx","395","            isLight ? ""text-black"" : ""text-white"","
"QuickFilterBar.tsx","427","                  : (isLight ? 'border-black/15 shadow-md' : 'border-white/15 shadow-md')"
"QuickFilterBar.tsx","440","                  ? (isLight ? ""bg-white/35"" : ""bg-black/35"")"
"QuickFilterBar.tsx","441","                  : (isLight ? ""bg-white/55"" : ""bg-black/55"")"
"QuickFilterBar.tsx","448","                isLight ? ""text-black"" : ""text-white"","
"RadioMiniPlayer.tsx","12","  const { isLight } = useAppTheme();"
"RadioMiniPlayer.tsx","82","              isLight ? ""bg-white border-slate-200 text-slate-900"" : ""bg-black/80 border-white/15 text-white"""
"RadioMiniPlayer.tsx","118","              isLight ? ""bg-white/90 border-slate-200 text-slate-500"" : ""bg-black/60 border-white/15 text-white/60"""
"RadioMiniPlayer.tsx","139","            isLight ? ""bg-white/95 border-slate-200"" : ""bg-black/85 border-white/10"""
"RadioMiniPlayer.tsx","145","                className={cn(""text-[10px] font-black uppercase tracking-[0.2em]"", isLight ? ""text-slate-400"" : ""text-white/50"")}"
"RadioMiniPlayer.tsx","151","                className={cn(""w-7 h-7 rounded-full flex items-center justify-center transition-all active:scale-90"", isLight ? ""bg-slate-100 text-slate-500"" : ""bg-white/5 text-white/70"")}"
"RadioMiniPlayer.tsx","163","                  <div className={cn(""w-full h-full flex items-center justify-center"", isLight ? ""bg-slate-100"" : ""bg-primary/20"")}>"
"RadioMiniPlayer.tsx","169","                <p className={cn(""text-[15px] font-black truncate"", isLight ? ""text-slate-900"" : ""text-white"")}>{station.name}</p>"
"RadioMiniPlayer.tsx","170","                <p className={cn(""text-[11px] font-bold truncate uppercase tracking-widest mt-0.5"", isLight ? ""text-primary/60"" : ""text-blue-400/60"")}>"
"RadioMiniPlayer.tsx","179","              <button onClick={handleMute} className={cn(""w-10 h-10 rounded-full flex items-center justify-center active:scale-90"", isLight ? ""text-slate-400"" : ""text-white/60"")}>"
"RadioMiniPlayer.tsx","183","                <button onClick={handlePrev} className={cn(""w-10 h-10 rounded-full flex items-center justify-center active:scale-90"", isLight ? ""text-slate-400"" : ""text-white/70"")}>"
"RadioMiniPlayer.tsx","192","                <button onClick={handleNext} className={cn(""w-10 h-10 rounded-full flex items-center justify-center active:scale-90"", isLight ? ""text-slate-400"" : ""text-white/70"")}>"
"ReportDialog.tsx","41","  const { isLight } = useAppTheme();"
"ReportDialog.tsx","98","          isLight ? ""bg-white/80 border-black/5"" : ""bg-black/80 border-white/5"""
"ReportDialog.tsx","108","                      <DialogTitle className={cn(""text-2xl font-black uppercase italic tracking-tighter leading-none"", isLight ? ""text-black"" : ""text-white"")}>"
"ReportDialog.tsx","118","                  className={cn(""w-10 h-10 rounded-xl transition-all"", isLight ? ""bg-black/5 hover:bg-black/10"" : ""bg-white/5 hover:bg-white/10"")}"
"ReportDialog.tsx","128","                    isLight ? ""bg-black/5 border-black/5 text-black"" : ""bg-white/5 border-white/5 text-white"""
"ReportDialog.tsx","156","                              : isLight ? ""bg-black/[0.03] border-black/5 hover:bg-black/[0.06]"" : ""bg-white/[0.03] border-white/5 hover:bg-white/[0.06]"""
"ReportDialog.tsx","160","                            <RadioGroupItem value={type} id={type} className={isLight ? ""border-black/20"" : ""border-white/20""} />"
"ReportDialog.tsx","163","                            <div className={cn(""text-[14px] font-black uppercase italic tracking-tight"", isLight ? ""text-black"" : ""text-white"")}>"
"ReportDialog.tsx","195","                        isLight ? ""bg-black/[0.03] border-black/10 focus:bg-black/[0.05]"" : ""bg-white/[0.03] border-white/10 focus:bg-white/[0.05]"""
"ReportDialog.tsx","212","                  className={cn(""flex-1 h-14 rounded-[1.2rem] font-bold uppercase tracking-widest transition-all"", isLight ? ""border-black/10 hover:bg-black/5"" : ""border-white/10 hover:bg-white/5"")}"
"SimpleSwipeCard.tsx","118","  const { isLight } = useAppTheme();"
"SimpleSwipeCard.tsx","545","              background: isLight"
"SimpleSwipeCard.tsx","743","            background: isLight"
"SupportDialog.tsx","30","  const { isLight } = useAppTheme();"
"SupportDialog.tsx","147","          isLight ? ""bg-white/90 border-black/5"" : ""bg-black/90 border-white/5"""
"SupportDialog.tsx","157","              <h2 className={cn(""text-3xl font-black uppercase italic tracking-tighter leading-none"", isLight ? ""text-black"" : ""text-white"")}>Customer Sync</h2>"
"SupportDialog.tsx","166","              className={cn(""w-12 h-12 rounded-2xl transition-all"", isLight ? ""bg-black/5 hover:bg-black/10"" : ""bg-white/5 hover:bg-white/10"")}"
"SupportDialog.tsx","189","                    isLight ? ""bg-black/[0.03] border-black/10"" : ""bg-white/[0.03] border-white/10"""
"SupportDialog.tsx","193","                  <SelectContent className={cn(""rounded-2xl backdrop-blur-xl"", isLight ? ""bg-white/95 border-black/10"" : ""bg-black/95 border-white/10"")}>"
"SupportDialog.tsx","209","                    isLight ? ""bg-black/[0.03] border-black/10"" : ""bg-white/[0.03] border-white/10"""
"SupportDialog.tsx","213","                  <SelectContent className={cn(""rounded-2xl backdrop-blur-xl"", isLight ? ""bg-white/95 border-black/10"" : ""bg-black/95 border-white/10"")}>"
"SupportDialog.tsx","228","                  isLight ? ""bg-black/[0.03] border-black/10"" : ""bg-white/[0.03] border-white/10"""
"SupportDialog.tsx","238","                  isLight ? ""bg-black/[0.03] border-black/10"" : ""bg-white/[0.03] border-white/10"""
"SupportDialog.tsx","275","                      isLight ? ""bg-black/[0.03] border-black/5 hover:bg-black/[0.06]"" : ""bg-white/[0.03] border-white/5 hover:bg-white/[0.06]"""
"SupportDialog.tsx","280","                          isLight ? ""bg-white/50 border-black/5"" : ""bg-black/50 border-white/5"""
"SupportDialog.tsx","285","                          <h4 className={cn(""text-[14px] font-black uppercase italic tracking-tight mb-1 truncate"", isLight ? ""text-black"" : ""text-white"")}>{ticket.subject}</h4>"
"SupportDialog.tsx","302","                            <div className={cn(""flex-1 h-px"", isLight ? ""bg-black/5"" : ""bg-white/5"")} />"
"SupportDialog.tsx","319","            isLight ? ""bg-black/[0.02] border-black/5"" : ""bg-white/[0.02] border-white/5"""
"SupportDialog.tsx","328","                  <div className={cn(""w-8 h-8 rounded-lg flex items-center justify-center transition-all"", isLight ? ""bg-black/5"" : ""bg-white/5"")}>"
"SupportDialog.tsx","331","                  <p className={cn(""text-[13px] font-black italic tracking-tight"", isLight ? ""text-black"" : ""text-white"")}>support@swipess.app</p>"
"SwipessSwipeContainer.tsx","116","  const { theme, isLight } = useAppTheme();"
"SwipessSwipeContainer.tsx","1083","      isLight ? ""bg-transparent"" : ""bg-black"""
"SwipessSwipeContainer.tsx","1087","        isLight ? ""bg-transparent"" : ""bg-black"""
"SwipessSwipeContainer.tsx","1101","              isLight ? ""bg-white border-black/10 text-black"" : ""bg-black/80 border-white/20 text-white"""
"SwipessSwipeContainer.tsx","1106","          <span className={cn(""text-sm font-black uppercase tracking-wider"", isLight ? ""text-black"" : ""text-white"")}>"
"TokensModal.tsx","106","  const isLight = theme === 'light';"
"TokensModal.tsx","210","              isLight ? ""bg-background border border-border/40"" : ""bg-zinc-900 border border-white/10"""
"TopBar.tsx","50","  const { isLight } = useAppTheme();"
"TopBar.tsx","61","    background: isLight"
"TopBar.tsx","70","    color: isLight ? '#000000' : 'var(--hud-text)',"
"TopBar.tsx","112","              <ChevronLeft className=""w-5 h-5"" style={{ color: isLight ? '#000000' : 'var(--hud-text)' }} />"
"TopBar.tsx","129","                      background: profile?.avatar_url ? 'transparent' : (isLight ? 'rgba(0,0,0,0.04)' : 'rgba(255,255,255,0.06)'),"
"TopBar.tsx","193","                  background: isLight"
"AboutPage.tsx","15","  const { isLight } = useAppTheme();"
"AboutPage.tsx","89","            isLight ? ""bg-white border-black/5 shadow-xl"" : ""bg-white/[0.03] border-white/5 shadow-2xl"""
"AboutPage.tsx","99","                  <p className={cn(""text-[15px] font-medium leading-relaxed italic opacity-70"", isLight ? ""text-black"" : ""text-white"")}>"
"AboutPage.tsx","124","                  isLight ? ""bg-white border-black/5"" : ""bg-white/[0.02] border-white/5"""
"AboutPage.tsx","155","                  isLight ? ""bg-white border-black/5"" : ""bg-white/[0.02] border-white/5"""
"AboutPage.tsx","181","            isLight ? ""bg-black/[0.02] border-black/5"" : ""bg-white/[0.02] border-white/5"""
"AdvertisePage.tsx","133","  isLight,"
"AdvertisePage.tsx","141","  isLight: boolean;"
"AdvertisePage.tsx","312","  const isLight = theme === ""light"";"
"AdvertisePage.tsx","381","    pageBg:       isLight ? ""#f8f8f8""                        : ""#000000"","
"AdvertisePage.tsx","382","    card:         isLight ? ""rgba(0,0,0,0.04)""               : ""rgba(255,255,255,0.05)"","
"AdvertisePage.tsx","383","    cardBorder:   isLight ? ""rgba(0,0,0,0.08)""               : ""rgba(255,255,255,0.08)"","
"AdvertisePage.tsx","384","    inputBg:      isLight ? ""rgba(0,0,0,0.04)""               : ""rgba(255,255,255,0.05)"","
"AdvertisePage.tsx","385","    inputBorder:  isLight ? ""rgba(0,0,0,0.12)""               : ""rgba(255,255,255,0.10)"","
"AdvertisePage.tsx","386","    inputText:    isLight ? ""#111""                            : ""#fff"","
"AdvertisePage.tsx","387","    inputPlaceholder: isLight ? ""rgba(0,0,0,0.3)""            : ""rgba(255,255,255,0.25)"","
"AdvertisePage.tsx","388","    headerBg:     isLight ? ""rgba(248,248,248,0.92)""          : ""rgba(0,0,0,0.85)"","
"AdvertisePage.tsx","389","    headerBorder: isLight ? ""rgba(0,0,0,0.07)""               : ""rgba(255,255,255,0.06)"","
"AdvertisePage.tsx","390","    backBtn:      isLight ? ""rgba(0,0,0,0.07)""               : ""rgba(255,255,255,0.10)"","
"AdvertisePage.tsx","391","    backBtnBorder:isLight ? ""rgba(0,0,0,0.12)""               : ""rgba(255,255,255,0.15)"","
"AdvertisePage.tsx","392","    text:         isLight ? ""#0a0a0a""                        : ""#ffffff"","
"AdvertisePage.tsx","393","    textMuted:    isLight ? ""rgba(0,0,0,0.65)""               : ""rgba(255,255,255,0.75)"","
"AdvertisePage.tsx","394","    textDim:      isLight ? ""rgba(0,0,0,0.45)""               : ""rgba(255,255,255,0.55)"","
"AdvertisePage.tsx","395","    textFaint:    isLight ? ""rgba(0,0,0,0.35)""               : ""rgba(255,255,255,0.40)"","
"AdvertisePage.tsx","396","    divider:      isLight ? ""rgba(0,0,0,0.08)""               : ""rgba(255,255,255,0.12)"","
"AdvertisePage.tsx","397","    progressBg:   isLight ? ""rgba(0,0,0,0.06)""               : ""rgba(255,255,255,0.10)"","
"AdvertisePage.tsx","398","    backFormBtn:  isLight ? ""rgba(0,0,0,0.05)""               : ""rgba(255,255,255,0.08)"","
"AdvertisePage.tsx","399","    backFormBorder:isLight ? ""rgba(0,0,0,0.12)""              : ""rgba(255,255,255,0.15)"","
"AdvertisePage.tsx","490","            style={{ background: ""radial-gradient(circle, #14b8a6, transparent)"", opacity: isLight ? 0.06 : 0.12 }} />"
"AdvertisePage.tsx","492","            style={{ background: ""radial-gradient(circle, #6366f1, transparent)"", opacity: isLight ? 0.06 : 0.12 }} />"
"AdvertisePage.tsx","557","                  isLight={isLight}"
"AdvertisePage.tsx","767","                    background: isLight ? ""rgba(234,179,8,0.07)"" : ""rgba(234,179,8,0.06)"","
"AdvertisePage.tsx","768","                    border: `1px solid ${isLight ? ""rgba(234,179,8,0.18)"" : ""rgba(234,179,8,0.13)""}`,"
"ClientDashboard.tsx","14","  const { isLight } = useAppTheme();"
"ClientDashboard.tsx","30","        isLight ? ""bg-white"" : ""bg-[#020202]"""
"ClientFilters.tsx","29","  const { isLight } = useAppTheme();"
"ClientFilters.tsx","73","        isLight ? ""bg-white text-slate-900"" : ""bg-[#020202] text-white"""
"ClientFilters.tsx","81","            isLight ? ""text-slate-900"" : ""text-white"""
"ClientFilters.tsx","87","            isLight ? ""text-slate-900"" : ""text-white"""
"ClientFilters.tsx","109","                  isLight ? ""text-slate-900 hover:bg-slate-100"" : ""text-white hover:bg-white/10"""
"ClientFilters.tsx","121","                    isLight "
"ClientFilters.tsx","131","                        isLight ? ""bg-slate-900 text-white"" : ""bg-white text-black shadow-[0_0_20px_rgba(255,255,255,0.3)]"""
"ClientFilters.tsx","138","                          isLight ? ""text-slate-900"" : ""text-white"""
"ClientFilters.tsx","142","                          isLight ? ""text-slate-900"" : ""text-white"""
"ClientFilters.tsx","148","                      isLight ? ""text-slate-400"" : ""text-white/30"""
"ClientFilters.tsx","167","                  isLight"
"ClientFilters.tsx","187","                      backgroundColor: isLight ? 'rgba(0,0,0,0.05)' : 'rgba(255,255,255,0.08)',"
"ClientFilters.tsx","188","                      borderColor: isLight ? 'rgba(0,0,0,0.1)' : 'rgba(255,255,255,0.1)',"
"ClientFilters.tsx","189","                      color: isLight ? '#000000' : '#ffffff'"
"ClientFilters.tsx","199","                isLight ? ""text-slate-900"" : ""text-white"""
"ClientFilters.tsx","210","                isLight ? ""bg-white border border-slate-100"" : ""bg-white/5 border border-white/10 backdrop-blur-3xl shadow-[0_20px_50px_rgba(0,0,0,0.5)]"""
"ClientFilters.tsx","224","                    isLight ? ""bg-slate-900 text-white"" : ""bg-white text-black"","
"ClientFilters.tsx","245","                    isLight ? ""bg-slate-100 text-slate-900 hover:bg-slate-200"" : ""bg-white/10 text-white hover:bg-white/20"""
"ClientLikedProperties.tsx","50","  const isLight = theme === ""light"";"
"ClientLikedProperties.tsx","197","                    ? (isLight ? ""bg-black text-white"" : ""bg-[var(--color-brand-accent-2)] text-white shadow-lg shadow-[var(--color-brand-accent-2)]/20 border-[var(--color-brand-accent-2)]"")"
"ClientLikedProperties.tsx","198","                    : isLight"
"ClientLikedProperties.tsx","233","              isLight"
"ClientLikedProperties.tsx","251","                      ? (isLight ? ""bg-black text-white shadow-md border-black"" : ""bg-[var(--color-brand-accent-2)] border-[var(--color-brand-accent-2)] text-white shadow-md"")"
"ClientLikedProperties.tsx","252","                      : isLight"
"ClientLikedProperties.tsx","293","                  isLight={isLight}"
"ClientProfile.tsx","24","  const { isLight } = useAppTheme();"
"ClientProfile.tsx","59","    <div className={cn(""w-full relative overflow-x-hidden min-h-screen"", isLight ? ""bg-white text-slate-900"" : ""bg-[#030308] text-white"")}>"
"ClientProfile.tsx","64","          className={cn(""absolute inset-0"", isLight ? ""opacity-[0.02]"" : ""opacity-[0.035]"")}"
"ClientProfile.tsx","73","        <div className={cn(""absolute top-[-20%] right-[-10%] w-[60%] h-[60%] rounded-full blur-[140px]"", isLight ? ""bg-violet-600/[0.04]"" : ""bg-violet-600/8"")} />"
"ClientProfile.tsx","74","        <div className={cn(""absolute bottom-[10%] left-[-10%] w-[50%] h-[50%] rounded-full blur-[120px]"", isLight ? ""bg-cyan-500/[0.03]"" : ""bg-cyan-500/6"")} />"
"ClientProfile.tsx","75","        <div className={cn(""absolute top-[45%] right-[25%] w-[40%] h-[30%] rounded-full blur-[100px]"", isLight ? ""bg-blue-600/[0.03]"" : ""bg-blue-600/5"")} />"
"ClientProfile.tsx","101","                className={cn(""w-full h-full overflow-hidden cursor-pointer flex items-center justify-center border"", isLight ? ""bg-slate-50 border-slate-200"" : ""bg-[#080C14] border-white/5"")}"
"ClientProfile.tsx","108","                  <User className={cn(""w-14 h-14"", isLight ? ""text-slate-300"" : ""text-white/10"")} />"
"ClientProfile.tsx","131","            <h1 className={cn(""text-5xl font-black uppercase italic tracking-tighter leading-none"", isLight ? ""text-slate-900"" : ""text-white"")}>"
"ClientProfile.tsx","135","              <span className={cn(""text-[10px] font-black uppercase tracking-[0.25em]"", isLight ? ""text-slate-500"" : ""text-white/25"")}>{user?.email}</span>"
"ClientProfile.tsx","150","              className={cn(""flex flex-col items-center justify-center p-5 text-center rounded-3xl border"", isLight ? ""border-slate-200 bg-slate-50"" : ""border-white/[0.06] bg-white/[0.02]"")}"
"ClientProfile.tsx","154","              <div className={cn(""text-3xl font-black tabular-nums tracking-tighter leading-none"", isLight ? ""text-slate-900"" : ""text-white"")}>"
"ClientProfile.tsx","157","              <div className={cn(""text-[9px] font-black uppercase tracking-[0.2em] mt-2"", isLight ? ""text-slate-500"" : ""text-white/30"")}>{stat.label}</div>"
"ClientProfile.tsx","178","            className={cn(""w-full h-16 rounded-2xl border transition-all active:scale-95"", isLight ? ""border-slate-200 bg-slate-50 hover:bg-slate-100"" : ""border-white/[0.08] bg-white/[0.03] hover:bg-white/[0.05]"")}"
"ClientProfile.tsx","195","          <div className={cn(""rounded-3xl p-6 flex items-center gap-5 border border-transparent"", isLight ? ""bg-white"" : ""bg-[#080C14]"")}>"
"ClientProfile.tsx","200","              <h3 className={cn(""text-[13px] font-black uppercase tracking-[0.2em] italic leading-tight"", isLight ? ""text-slate-900"" : ""text-white"")}>Verified Resident</h3>"
"ClientProfile.tsx","201","              <p className={cn(""text-[9px] font-bold uppercase tracking-[0.15em] mt-1"", isLight ? ""text-slate-500"" : ""text-white/25"")}>Status: Verified Member</p>"
"ClientProfile.tsx","203","            <ChevronRight className={cn(""w-5 h-5"", isLight ? ""text-slate-400"" : ""text-white/15"")} />"
"ClientProfile.tsx","214","              className={cn(""rounded-3xl p-7 space-y-5 border"", isLight ? ""border-slate-200 bg-slate-50"" : ""border-white/[0.06] bg-white/[0.02]"")}"
"ClientProfile.tsx","220","                  <span className={cn(""text-[10px] font-black uppercase tracking-[0.3em]"", isLight ? ""text-slate-500"" : ""text-white/35"")}>Profile Completion</span>"
"ClientProfile.tsx","222","                <span className={cn(""text-2xl font-black italic tracking-tighter"", isLight ? ""text-slate-900"" : ""text-white"")}>{completionPercent}%</span>"
"ClientProfile.tsx","225","              <div className={cn(""h-3 w-full rounded-full overflow-hidden border"", isLight ? ""bg-slate-200 border-slate-200"" : ""bg-white/[0.04] border-white/[0.06]"")}>"
"ClientProfile.tsx","245","              <h3 className={cn(""text-[10px] font-black uppercase tracking-[0.35em]"", isLight ? ""text-slate-500"" : ""text-white/30"")}>Global Pulse</h3>"
"ClientProfile.tsx","253","          <div className={cn(""rounded-3xl"", isLight ? ""bg-white"" : ""bg-[#080C14]"")}>"
"ClientProfile.tsx","295","                    : isLight"
"ClientProfile.tsx","300","                <btn.icon className={cn(""w-5 h-5"", btn.urgent ? ""text-red-400"" : isLight ? ""text-slate-500"" : ""text-white/25"")} />"
"ClientSettings.tsx","51","  const isLight = theme === 'light';"
"ClientSettings.tsx","220","           <h1 className={cn(""text-4xl font-black uppercase italic tracking-tighter leading-none"", isLight ? ""text-black"" : ""text-white"")}>System Settings</h1>"
"ClientSettings.tsx","287","            <div className={cn(""w-16 h-16 rounded-[1.6rem] flex items-center justify-center shadow-2xl border transition-transform duration-500 hover:scale-110"", isLight ? ""bg-white border-black/5"" : ""bg-black border-white/10"")}>"
"ClientSettings.tsx","292","                  <span className={cn(""text-2xl font-black italic tracking-tighter uppercase"", isLight ? ""text-black"" : ""text-white"")}>Swipess</span>"
"ClientSettings.tsx","297","               <p className={cn(""text-[9px] font-black uppercase tracking-[0.4em] italic opacity-30"", isLight ? ""text-black"" : ""text-white"")}>Elite Discovery Engine</p>"
"ClientWhoLikedYou.tsx","55","  const isLight = theme === ""light"";"
"ClientWhoLikedYou.tsx","178","                  : isLight"
"ClientWhoLikedYou.tsx","197","              isLight"
"EnhancedOwnerDashboard.tsx","34","  const isLight = theme === 'light';"
"EnhancedOwnerDashboard.tsx","162","    <div className={cn(""flex flex-col flex-1 min-h-0 w-full relative transition-colors duration-500"", isLight ? ""bg-white"" : ""bg-black"")}>"
"EnhancedOwnerDashboard.tsx","281","  const { isLight } = useAppTheme();"
"EnhancedOwnerDashboard.tsx","300","              isLight ? ""bg-white border-black/10 text-black shadow-sm"" : ""bg-white/10 border-white/10 text-white"""
"EnhancedOwnerDashboard.tsx","306","            <h2 className={cn(""text-3xl font-black uppercase italic tracking-tighter leading-none"", isLight ? ""text-black"" : ""text-white"")}>{title}</h2>"
"EnhancedOwnerDashboard.tsx","307","            <p className={cn(""text-[10px] font-black uppercase tracking-[0.3em] mt-1"", isLight ? ""text-black/40"" : ""text-white/40"")}>Kilometer Detector</p>"
"EnhancedOwnerDashboard.tsx","318","            <h4 className={cn(""text-[10px] font-black uppercase tracking-[0.5em] opacity-40 mb-3"", isLight ? ""text-black"" : ""text-white"")}>Sector Depth</h4>"
"EnhancedOwnerDashboard.tsx","321","              <span className={cn(""text-xl font-black italic opacity-40 uppercase"", isLight ? ""text-black"" : ""text-white"")}>Kilometers</span>"
"EnhancedOwnerDashboard.tsx","323","            <p className={cn(""text-[11px] font-bold uppercase tracking-widest mt-2"", isLight ? ""text-black/50"" : ""text-white/50"")}>"
"EnhancedOwnerDashboard.tsx","354","              isLight"
"EnhancedOwnerDashboard.tsx","363","        <p className={cn(""text-center text-[10px] font-bold uppercase tracking-widest opacity-40"", isLight ? ""text-black"" : ""text-white"")}>"
"EventosFeed.tsx","35","  const isLight = theme === 'light';"
"EventosFeed.tsx","55","    background: isLight ? 'rgba(255,255,255,0.34)' : 'rgba(18,18,22,0.18)',"
"EventosFeed.tsx","58","    border: isLight ? '1px solid rgba(0,0,0,0.05)' : '1px solid rgba(255,255,255,0.08)',"
"EventosFeed.tsx","59","    boxShadow: isLight"
"EventosFeed.tsx","319","                    className={cn(""w-4 h-4 transition-all duration-300 relative z-10"", active ? ""scale-110"" : (isLight ? ""text-black/40"" : ""text-white/40""))} "
"EventosFeed.tsx","323","                    className={cn(""text-[11px] font-black uppercase tracking-[0.12em] transition-all duration-300 relative z-10"", active ? """" : (isLight ? ""text-black/40"" : ""text-white/40""))}"
"EventosFeed.tsx","353","            <p className={cn(""text-lg font-black tracking-tight"", isLight ? ""text-foreground"" : ""text-white"")}> "
"EventosFeed.tsx","356","            <p className={cn(""mt-2 text-sm"", isLight ? ""text-foreground/70"" : ""text-white/70"")}>"
"EventosFeed.tsx","363","                isLight ? ""text-black"" : ""text-white"""
"EventosFeed.tsx","367","                background: isLight ? 'rgba(255,255,255,0.56)' : 'rgba(255,255,255,0.12)',"
"EventosLikes.tsx","37","  const isLight = theme === 'light';"
"EventosLikes.tsx","99","      isLight ? ""bg-white text-zinc-900"" : ""bg-[#0a0a0b] text-white"""
"EventosLikes.tsx","110","        isLight ? ""bg-white/80 border-black/[0.03]"" : ""bg-black/60 border-white/[0.03]"""
"EventosLikes.tsx","145","                  backgroundColor: active ? `${catColor}15` : isLight ? 'rgba(0,0,0,0.03)' : 'rgba(255,255,255,0.05)',"
"EventosLikes.tsx","146","                  borderColor: active ? `${catColor}40` : isLight ? 'rgba(0,0,0,0.05)' : 'rgba(255,255,255,0.05)',"
"EventosLikes.tsx","161","            <Search className={cn(""absolute left-4 top-1/2 -translate-y-1/2 w-4 h-4 transition-colors"", isLight ? ""text-zinc-300 group-focus-within:text-orange-500"" : ""text-zinc-600 group-focus-within:text-orange-400"")} />"
"EventosLikes.tsx","169","                isLight "
"EventosLikes.tsx","197","                    isLight ? ""bg-zinc-100 border-black/[0.04]"" : ""bg-zinc-900 border-white/[0.04]"""
"EventosLikes.tsx","210","                    isLight ? ""bg-gradient-to-t from-white via-white/20 to-transparent"" : ""bg-gradient-to-t from-black via-black/20 to-transparent"""
"EventosLikes.tsx","229","                      isLight ? ""bg-white/40 border-black/10"" : ""bg-black/40 border-white/10"""
"EventosLikes.tsx","237","                    <h3 className={cn(""font-black text-xs line-clamp-2 leading-tight drop-shadow-md"", isLight ? ""text-zinc-900"" : ""text-white"")}>"
"EventosLikes.tsx","253","              isLight ? ""bg-zinc-50 border-black/[0.04]"" : ""bg-zinc-900/40 border-white/[0.04]"""
"EventosLikes.tsx","256","              <Sparkles className={cn(""w-10 h-10 relative z-10"", isLight ? ""text-zinc-200"" : ""text-zinc-800"")} />"
"EventosLikes.tsx","258","            <h3 className={cn(""text-2xl font-black mb-3 italic tracking-tighter uppercase"", isLight ? ""text-black"" : ""text-white"")}>Empty Vault.</h3>"
"FAQClientPage.tsx","74","  const { theme, isLight } = useAppTheme();"
"FAQClientPage.tsx","113","                      ? (isLight ? ""bg-white border-rose-500/20 shadow-xl"" : ""bg-white/10 border-rose-500/30 shadow-2xl shadow-rose-500/10"")"
"FAQClientPage.tsx","114","                      : (isLight ? ""bg-black/[0.02] border-black/5 hover:bg-black/[0.04]"" : ""bg-white/[0.03] border-white/5 hover:bg-white/[0.05]"")"
"FAQClientPage.tsx","143","                            isLight ? ""text-black/60 border-black/5"" : ""text-white/60 border-white/5"""
"FAQClientPage.tsx","165","            isLight ? ""bg-rose-50 border-rose-100 shadow-sm"" : ""bg-rose-500/5 border-rose-500/20 shadow-2xl"""
"FAQOwnerPage.tsx","82","  const { theme, isLight } = useAppTheme();"
"FAQOwnerPage.tsx","121","                      ? (isLight ? ""bg-white border-purple-500/20 shadow-xl"" : ""bg-white/10 border-purple-500/30 shadow-2xl shadow-purple-500/10"")"
"FAQOwnerPage.tsx","122","                      : (isLight ? ""bg-black/[0.02] border-black/5 hover:bg-black/[0.04]"" : ""bg-white/[0.03] border-white/5 hover:bg-white/[0.05]"")"
"FAQOwnerPage.tsx","151","                            isLight ? ""text-black/60 border-black/5"" : ""text-white/60 border-white/5"""
"FAQOwnerPage.tsx","173","            isLight ? ""bg-purple-50 border-purple-100 shadow-sm"" : ""bg-purple-500/5 border-purple-500/20 shadow-2xl"""
"LegalHub.tsx","143","  const { theme, isLight } = useAppTheme();"
"LegalHub.tsx","237","                  isLight ? ""text-black"" : ""text-white"""
"LegalHub.tsx","244","                <h1 className={cn(""text-5xl sm:text-7xl font-black uppercase italic tracking-tighter leading-[0.9]"", isLight ? ""text-black"" : ""text-white"")}>"
"LegalHub.tsx","256","                  <span className={cn(""text-[10px] font-black uppercase tracking-widest opacity-30 italic"", isLight ? ""text-black"" : ""text-white"")}>"
"LegalHub.tsx","262","              <Card className={cn(""p-12 sm:p-20 rounded-[4rem] border shadow-[0_50px_100px_rgba(0,0,0,0.1)] backdrop-blur-3xl transition-all duration-700"", isLight ? ""bg-white border-black/5"" : ""bg-white/[0.03] border-white/5"")}>"
"LegalHub.tsx","274","                        <div className={cn(""h-[1px] flex-1 opacity-10"", isLight ? ""bg-black"" : ""bg-white"")} />"
"LegalHub.tsx","277","                        <div className={cn(""w-12 h-12 rounded-2xl flex items-center justify-center shrink-0 shadow-lg"", isLight ? ""bg-black/5 text-black"" : ""bg-white/10 text-white"")}>"
"LegalHub.tsx","281","                          <h2 className={cn(""text-2xl font-black uppercase italic tracking-tighter"", isLight ? ""text-black"" : ""text-white"")}>{section.title}</h2>"
"LegalHub.tsx","282","                          <p className={cn(""text-[15px] font-bold leading-relaxed italic opacity-40 group-hover:opacity-100 transition-opacity duration-500"", isLight ? ""text-black"" : ""text-white"")}>"
"LegalHub.tsx","300","                        <div className={cn(""h-[1px] flex-1 opacity-10"", isLight ? ""bg-black"" : ""bg-white"")} />"
"LegalHub.tsx","303","                        <div className={cn(""w-12 h-12 rounded-2xl flex items-center justify-center shrink-0 shadow-lg"", isLight ? ""bg-black/5 text-black"" : ""bg-white/10 text-white"")}>"
"LegalHub.tsx","307","                          <h2 className={cn(""text-2xl font-black uppercase italic tracking-tighter"", isLight ? ""text-black"" : ""text-white"")}>{section.title}</h2>"
"LegalHub.tsx","308","                          <p className={cn(""text-[15px] font-bold leading-relaxed italic opacity-40 group-hover:opacity-100 transition-opacity duration-500"", isLight ? ""text-black"" : ""text-white"")}>"
"LegalHub.tsx","324","                        <div className={cn(""h-[1px] flex-1 opacity-10"", isLight ? ""bg-black"" : ""bg-white"")} />"
"LegalHub.tsx","327","                        <div className={cn(""w-12 h-12 rounded-2xl flex items-center justify-center shrink-0 shadow-lg"", isLight ? ""bg-black/5 text-black"" : ""bg-white/10 text-white"")}>"
"LegalHub.tsx","331","                          <h2 className={cn(""text-2xl font-black uppercase italic tracking-tighter"", isLight ? ""text-black"" : ""text-white"")}>{section.title}</h2>"
"LegalHub.tsx","332","                          <p className={cn(""text-[15px] font-bold leading-relaxed italic opacity-40 group-hover:opacity-100 transition-opacity duration-500"", isLight ? ""text-black"" : ""text-white"")}>"
"LegalHub.tsx","367","              isLight ? ""bg-white border-black/5"" : ""bg-black border-white/5"""
"LegalHub.tsx","383","                  <h3 className={cn(""text-5xl font-black uppercase italic tracking-tighter leading-none"", isLight ? ""text-black"" : ""text-white"")}>Request Logged</h3>"
"LegalHub.tsx","384","                  <p className={cn(""text-[16px] font-bold tracking-tight opacity-50 leading-relaxed max-w-lg mx-auto italic"", isLight ? ""text-black"" : ""text-white"")}>"
"LegalHub.tsx","401","                    className={cn(""w-full h-14 rounded-2xl font-black uppercase italic tracking-widest text-[11px] opacity-40 hover:opacity-100"", isLight ? ""text-black"" : ""text-white"")}"
"LegalHub.tsx","420","              isLight ? ""bg-black/[0.02] border-black/5 shadow-sm"" : ""bg-white/[0.04] border-white/5 shadow-2xl"""
"LegalHub.tsx","436","                    <h2 className={cn(""text-5xl sm:text-7xl font-black uppercase italic tracking-tighter leading-[0.85]"", isLight ? ""text-black"" : ""text-white"")}>Professional Legal Dispatch</h2>"
"LegalHub.tsx","437","                    <p className={cn(""text-[18px] font-bold opacity-50 leading-relaxed italic max-w-2xl"", isLight ? ""text-black"" : ""text-white"")}>"
"LegalHub.tsx","449","                  <span className={cn(""text-[12px] font-black uppercase tracking-[0.4em] opacity-30 italic"", isLight ? ""text-black"" : ""text-white"")}>Operational Protocols</span>"
"LegalHub.tsx","450","                  <div className={cn(""h-[1px] flex-1"", isLight ? ""bg-black/10"" : ""bg-white/10"")} />"
"LegalHub.tsx","455","                  isLight ? ""bg-white border-black/5 shadow-sm"" : ""bg-white/[0.02] border-white/5 shadow-2xl"""
"LegalHub.tsx","457","                  <div className={cn(""divide-y"", isLight ? ""divide-black/5"" : ""divide-white/5"")}>"
"LegalHub.tsx","465","                              ? (isLight ? ""bg-black/[0.03]"" : ""bg-white/[0.06]"") "
"LegalHub.tsx","466","                              : (isLight ? ""hover:bg-black/[0.01]"" : ""hover:bg-white/[0.02]"")"
"LegalHub.tsx","476","                            <h4 className={cn(""text-xl font-black uppercase italic tracking-tight"", isLight ? ""text-black"" : ""text-white"")}>{category.title}</h4>"
"LegalHub.tsx","477","                            <p className={cn(""text-[12px] font-bold uppercase tracking-widest opacity-30 truncate"", isLight ? ""text-black"" : ""text-white"")}>{category.description}</p>"
"LegalHub.tsx","479","                          <div className={cn(""w-10 h-10 rounded-full flex items-center justify-center border transition-all"", isLight ? ""border-black/5"" : ""border-white/5"", expandedCategory === category.id && ""rotate-180 bg-primary/10 border-primary/20"")}>"
"LegalHub.tsx","493","                              <div className={cn(""p-6 space-y-4"", isLight ? ""bg-black/[0.01]"" : ""bg-black/20"")}>"
"LegalHub.tsx","502","                                        : (isLight ? ""bg-white hover:bg-black/[0.02] border-black/5"" : ""bg-white/[0.03] hover:bg-white/[0.08] border-white/5"")"
"LegalHub.tsx","516","                                      <h5 className={cn(""text-[15px] font-black uppercase italic tracking-tight"", isLight ? ""text-black"" : ""text-white"")}>{sub.title}</h5>"
"LegalHub.tsx","517","                                      <p className={cn(""text-[11px] font-bold uppercase tracking-widest opacity-30"", isLight ? ""text-black"" : ""text-white"")}>{sub.description}</p>"
"LegalHub.tsx","544","                        <span className={cn(""text-[12px] font-black uppercase tracking-[0.4em] opacity-30 italic"", isLight ? ""text-black"" : ""text-white"")}>Incident Telemetry</span>"
"LegalHub.tsx","545","                        <div className={cn(""h-[1px] flex-1"", isLight ? ""bg-black/10"" : ""bg-white/10"")} />"
"LegalHub.tsx","550","                        isLight ? ""bg-white border-black/5"" : ""bg-white/[0.04] border-white/5"""
"LegalHub.tsx","553","                          <CardTitle className={cn(""text-2xl font-black uppercase italic tracking-tighter flex items-center gap-5"", isLight ? ""text-black"" : ""text-white"")}>"
"LegalHub.tsx","562","                            <div className={cn(""p-6 rounded-[2rem] flex items-center gap-6 border transition-all"", isLight ? ""bg-black/[0.02] border-black/5"" : ""bg-white/[0.03] border-white/10"")}>"
"LegalHub.tsx","567","                                 <p className={cn(""text-[10px] font-black uppercase tracking-[0.2em] opacity-30"", isLight ? ""text-black"" : ""text-white"")}>PROTOCOL TARGET</p>"
"LegalHub.tsx","568","                                 <h4 className={cn(""text-[15px] font-black uppercase italic tracking-tight"", isLight ? ""text-black"" : ""text-white"")}>{currentSubcategory?.title}</h4>"
"LegalHub.tsx","582","                                  isLight ? ""bg-white border-black/10 text-black"" : ""bg-black/60 border-white/5 text-white"""
"LegalHub.tsx","615","                              className={cn(""h-14 w-full rounded-[1.5rem] font-black uppercase italic tracking-[0.25em] text-[10px] opacity-30 hover:opacity-100 transition-all"", isLight ? ""text-black"" : ""text-white"")}"
"LegalHub.tsx","630","                       <div className={cn(""w-32 h-32 rounded-[3.5rem] border-2 border-dashed flex items-center justify-center"", isLight ? ""border-black/10"" : ""border-white/10"")}>"
"LegalHub.tsx","634","                          <h4 className={cn(""text-2xl font-black uppercase italic tracking-tighter"", isLight ? ""text-black"" : ""text-white"")}>Triage Ready</h4>"
"LegalHub.tsx","635","                          <p className={cn(""text-[12px] font-black uppercase tracking-[0.3em] max-w-xs"", isLight ? ""text-black"" : ""text-white"")}>Select a protocol target to begin specialized legal audit</p>"
"LegalHub.tsx","646","                  <span className={cn(""text-[12px] font-black uppercase tracking-[0.4em] opacity-30 italic"", isLight ? ""text-black"" : ""text-white"")}>System Documents</span>"
"LegalHub.tsx","647","                  <div className={cn(""h-[1px] flex-1"", isLight ? ""bg-black/10"" : ""bg-white/10"")} />"
"LegalHub.tsx","670","                        isLight ? ""bg-white border-black/5"" : ""bg-white/[0.04] border-white/5"""
"LegalHub.tsx","677","                         <h4 className={cn(""text-lg font-black uppercase italic tracking-tight"", isLight ? ""text-black"" : ""text-white"")}>{item.label}</h4>"
"LegalHub.tsx","678","                         <p className={cn(""text-[10px] font-bold uppercase tracking-widest opacity-30"", isLight ? ""text-black"" : ""text-white"")}>Authorized Protocol Node</p>"
"LegalHub.tsx","680","                      <div className={cn(""mt-auto w-full flex items-center justify-between pt-4 border-t"", isLight ? ""border-black/5"" : ""border-white/5"")}>"
"LegalHub.tsx","681","                         <span className={cn(""text-[9px] font-black uppercase tracking-widest opacity-40 group-hover:opacity-100 transition-opacity"", isLight ? ""text-black"" : ""text-white"")}>Open Document</span>"
"MessagingDashboard.tsx","59","  const { theme, isLight } = useAppTheme();"
"MessagingDashboard.tsx","179","      <div className={cn(""w-full flex flex-col transition-colors duration-500 overflow-hidden flex-1 min-h-0"", isLight ? ""bg-white"" : ""bg-black"")}>"
"MessagingDashboard.tsx","188","              isLight ? ""bg-white border-black/5"" : ""bg-[#0A0A0C] border-white/5"""
"MessagingDashboard.tsx","212","    <div className={cn(""w-full transition-colors duration-500 relative"", isLight ? ""bg-white"" : ""bg-black"")}>"
"MessagingDashboard.tsx","225","              <h1 className={cn(""text-4xl font-black uppercase italic tracking-tighter leading-none mt-1"", isLight ? ""text-black"" : ""text-white"")}>Direct Messages</h1>"
"MessagingDashboard.tsx","236","                isLight ? ""bg-black/5 border-black/5 text-black placeholder:text-black/20"" : ""bg-white/[0.04] border-white/5 text-white placeholder:text-white/20 focus:border-white/10"""
"MessagingDashboard.tsx","267","                  backgroundColor: isLight ? 'rgba(0,0,0,0.04)' : 'rgba(255,255,255,0.04)',"
"MessagingDashboard.tsx","268","                  borderColor: isLight ? 'rgba(0,0,0,0.06)' : 'rgba(255,255,255,0.06)',"
"MessagingDashboard.tsx","269","                  color: isLight ? '#000000' : '#ffffff'"
"MessagingDashboard.tsx","298","                        ? (isLight ? ""bg-black/5 border-black/10 shadow-lg"" : ""bg-white/[0.04] border-white/10 shadow-2xl"") "
"MessagingDashboard.tsx","299","                        : (isLight ? ""bg-transparent border-black/5 hover:bg-black/[0.02]"" : ""bg-transparent border-white/[0.03] hover:bg-white/[0.02] hover:border-white/5"")"
"MessagingDashboard.tsx","323","                          isLight ? ""text-black"" : ""text-white"""
"MessagingDashboard.tsx","327","                        <span className={cn(""text-[9px] font-black uppercase tracking-widest italic"", isLight ? ""text-black/20"" : ""text-white/20"")}>"
"MessagingDashboard.tsx","334","                        isUnread ? ""text-[#EB4898] font-bold"" : (isLight ? ""text-black/30"" : ""text-white/30"")"
"MessagingDashboard.tsx","343","                            <Button variant=""ghost"" size=""icon"" className={cn(""w-10 h-10 rounded-full hover:bg-white/10"", isLight ? ""text-black/30"" : ""text-white/30"")} onClick={e => e.stopPropagation()}>"
"MessagingDashboard.tsx","377","                 isLight ? ""bg-black/5 border-black/5"" : ""bg-white/[0.02] border-white/[0.05]"""
"MessagingDashboard.tsx","383","              <h3 className={cn(""text-2xl font-black uppercase italic tracking-tighter mb-4"", isLight ? ""text-black"" : ""text-white"")}>No Messages</h3>"
"MessagingDashboard.tsx","384","              <p className={cn(""text-[11px] font-black uppercase tracking-[0.2em] opacity-30 text-center max-w-lg leading-relaxed"", isLight ? ""text-black/30"" : ""text-white/30"")}>No messages yet. Connect with someone to start chatting.</p>"
"NotificationsPage.tsx","19","  const { isLight, isDark } = useAppTheme();"
"NotificationsPage.tsx","114","                    <h3 className={cn(""text-[14px] font-black tracking-tight leading-snug"", isLight ? ""text-slate-900"" : ""text-white"")}>"
"NotificationsPage.tsx","117","                    <p className={cn(""text-[12px] font-medium opacity-50 mt-1 line-clamp-2"", isLight ? ""text-slate-600"" : ""text-slate-400"")}>"
"OwnerFilters.tsx","23","  const { theme, isLight } = useAppTheme();"
"OwnerFilters.tsx","62","        isLight ? (isEmbedded ? ""bg-transparent"" : ""bg-[#F8FAFC]"") : (isEmbedded ? ""bg-transparent"" : ""bg-black""),"
"OwnerFilters.tsx","63","        isLight ? ""text-slate-900"" : ""text-white"""
"OwnerFilters.tsx","75","                  isLight ? ""bg-white border-slate-200 text-black"" : ""bg-white/10 border-white/10 text-white"""
"OwnerFilters.tsx","82","                isLight ? ""text-slate-900"" : ""text-white"""
"OwnerFilters.tsx","89","                isLight ? ""bg-black/5 border-black/10 text-black"" : ""bg-white/10 border-white/10 text-white"""
"OwnerFilters.tsx","104","          isLight ? ""bg-white border-slate-200 shadow-sm"" : ""bg-white/[0.03] border-white/5"""
"OwnerFilters.tsx","120","                  color: isLight ? '#000000' : '#ffffff'"
"OwnerFilters.tsx","145","              isLight ? ""bg-white border-slate-200 shadow-xl"" : ""bg-white/[0.02] border-white/5"""
"OwnerFilters.tsx","200","              isLight ? ""text-black"" : ""text-white"""
"OwnerInterestedClients.tsx","40","  const isLight = theme === ""light"";"
"OwnerInterestedClients.tsx","215","                  ? (isLight ? ""bg-black text-white"" : ""bg-[var(--color-brand-accent-2)] border-[var(--color-brand-accent-2)] text-white shadow-[0_8px_24px_rgba(228,0,124,0.4)]"")"
"OwnerInterestedClients.tsx","216","                  : isLight"
"OwnerInterestedClients.tsx","235","              isLight"
"OwnerInterestedClients.tsx","264","                  isLight={isLight}"
"OwnerProfile.tsx","23","  const { isLight } = useAppTheme();"
"OwnerProfile.tsx","39","    <div className={cn(""w-full relative overflow-x-hidden min-h-screen"", isLight ? ""bg-white text-slate-900"" : ""bg-[#030308] text-white"")}>"
"OwnerProfile.tsx","44","          className={cn(""absolute inset-0"", isLight ? ""opacity-[0.02]"" : ""opacity-[0.035]"")}"
"OwnerProfile.tsx","53","        <div className={cn(""absolute top-[-20%] left-[-10%] w-[70%] h-[60%] rounded-full blur-[140px]"", isLight ? ""bg-cyan-500/[0.04]"" : ""bg-cyan-500/8"")} />"
"OwnerProfile.tsx","54","        <div className={cn(""absolute bottom-[10%] right-[-10%] w-[50%] h-[50%] rounded-full blur-[120px]"", isLight ? ""bg-violet-600/[0.04]"" : ""bg-violet-600/8"")} />"
"OwnerProfile.tsx","55","        <div className={cn(""absolute top-[40%] left-[30%] w-[40%] h-[40%] rounded-full blur-[100px]"", isLight ? ""bg-blue-600/[0.03]"" : ""bg-blue-600/5"")} />"
"OwnerProfile.tsx","81","                className={cn(""w-full h-full overflow-hidden cursor-pointer flex items-center justify-center border"", isLight ? ""bg-slate-50 border-slate-200"" : ""bg-[#080C14] border-white/5"")}"
"OwnerProfile.tsx","88","                  <UserCircle className={cn(""w-16 h-16"", isLight ? ""text-slate-300"" : ""text-white/10"")} />"
"OwnerProfile.tsx","109","            <h1 className={cn(""text-5xl font-black uppercase italic tracking-tighter leading-none"", isLight ? ""text-slate-900"" : ""text-white"")}>"
"OwnerProfile.tsx","113","              <span className={cn(""text-[10px] font-black uppercase tracking-[0.25em]"", isLight ? ""text-slate-500"" : ""text-white/25"")}>{user?.email}</span>"
"OwnerProfile.tsx","128","              className={cn(""flex flex-col items-center justify-center text-center p-5 rounded-3xl border"", isLight ? ""border-slate-200 bg-slate-50"" : ""bg-white/[0.02]"")}"
"OwnerProfile.tsx","129","              style={{ borderColor: isLight ? undefined : `rgba(255,255,255,0.06)`, boxShadow: `inset 0 0 30px ${stat.glow}` }}"
"OwnerProfile.tsx","132","              <div className={cn(""text-4xl font-black tabular-nums tracking-tighter leading-none"", isLight ? ""text-slate-900"" : ""text-white"")}>"
"OwnerProfile.tsx","135","              <div className={cn(""text-[9px] font-black uppercase tracking-[0.2em] mt-2"", isLight ? ""text-slate-500"" : ""text-white/30"")}>{stat.label}</div>"
"OwnerProfile.tsx","144","          className={cn(""flex items-center justify-between p-6 rounded-3xl cursor-pointer border"", isLight ? ""border-slate-200 bg-slate-50"" : ""border-white/[0.06] bg-white/[0.02]"")}"
"OwnerProfile.tsx","153","              <h3 className={cn(""text-[13px] font-black uppercase tracking-[0.2em] italic leading-tight"", isLight ? ""text-slate-900"" : ""text-white"")}>Global Credits</h3>"
"OwnerProfile.tsx","154","              <p className={cn(""text-[9px] font-bold uppercase tracking-[0.15em] mt-1"", isLight ? ""text-slate-500"" : ""text-white/25"")}>Swipess Messaging Reserve</p>"
"OwnerProfile.tsx","193","            className={cn(""w-full h-16 rounded-2xl transition-all active:scale-95 border"", isLight ? ""border-slate-200 bg-slate-50 hover:bg-slate-100"" : ""border-white/[0.08] bg-white/[0.03] hover:bg-white/[0.05]"")}"
"OwnerProfile.tsx","212","              className={cn(""rounded-3xl p-7 flex flex-col gap-5 text-left border transition-all"", isLight ? ""border-slate-200 bg-slate-50 hover:bg-slate-100"" : ""border-white/[0.06] bg-white/[0.02] hover:bg-white/[0.04]"")}"
"OwnerProfile.tsx","215","              <div className={cn(""w-12 h-12 rounded-2xl flex items-center justify-center border"", isLight ? ""border-slate-200 bg-white"" : ""border-white/[0.08] bg-white/[0.04]"")}>"
"OwnerProfile.tsx","219","                <div className={cn(""text-[13px] font-black uppercase tracking-[0.1em] italic leading-tight"", isLight ? ""text-slate-900"" : ""text-white"")}>{nav.label}</div>"
"OwnerProfile.tsx","220","                <div className={cn(""text-[10px] font-bold mt-1 uppercase tracking-widest"", isLight ? ""text-slate-500"" : ""text-white/25"")}>{nav.sub}</div>"
"OwnerProfile.tsx","231","              <h3 className={cn(""text-[10px] font-black uppercase tracking-[0.35em]"", isLight ? ""text-slate-500"" : ""text-white/30"")}>Activity Feed</h3>"
"OwnerProfile.tsx","279","                    : isLight"
"OwnerProfile.tsx","284","                <btn.icon className={cn(""w-5 h-5"", btn.urgent ? ""text-red-400"" : isLight ? ""text-slate-500"" : ""text-white/25"")} />"
"OwnerSavedSearches.tsx","16","  const isLight = theme === 'light';"
"OwnerSavedSearches.tsx","60","                  isLight ? ""bg-card border-border/40 text-foreground"" : ""bg-white/[0.04] border-white/[0.06] text-foreground"""
"OwnerSettings.tsx","48","  const { theme, isLight } = useAppTheme();"
"OwnerSettings.tsx","205","           <h1 className={cn(""text-4xl font-black uppercase italic tracking-tighter leading-none"", isLight ? ""text-black"" : ""text-white"")}>System Settings</h1>"
"OwnerSettings.tsx","226","                isLight ? ""bg-black/5 border-black/5"" : ""bg-white/[0.04] border-white/5"""
"OwnerSettings.tsx","231","                      whileHover={{ backgroundColor: isLight ? ""rgba(0,0,0,0.02)"" : ""rgba(255,255,255,0.02)"" }}"
"OwnerSettings.tsx","261","                      <div className={cn(""mx-8 h-[1px]"", isLight ? ""bg-black/5"" : ""bg-white/5"")} />"
"OwnerSettings.tsx","278","            <div className={cn(""w-16 h-16 rounded-[1.6rem] flex items-center justify-center shadow-2xl border transition-transform duration-500 hover:scale-110"", isLight ? ""bg-white border-black/5"" : ""bg-black border-white/10"")}>"
"OwnerSettings.tsx","283","                  <span className={cn(""text-2xl font-black italic tracking-tighter uppercase"", isLight ? ""text-black"" : ""text-white"")}>Swipess</span>"
"OwnerSettings.tsx","288","               <p className={cn(""text-[9px] font-black uppercase tracking-[0.4em] italic opacity-30"", isLight ? ""text-black"" : ""text-white"")}>Property Authority Network ? Elite Discovery</p>"
"PublicListingPreview.tsx","31","  const { theme, isLight } = useAppTheme();"
"PublicListingPreview.tsx","125","    <div className={cn(""fixed inset-0 overflow-hidden transition-colors duration-500"", isLight ? ""bg-white"" : ""bg-black"")}>"
"PublicListingPreview.tsx","191","           isLight ? ""bg-white border-black/5"" : ""bg-[#0d0d0f] border-white/10"""
"PublicListingPreview.tsx","196","            <div className={cn(""w-14 h-1.5 rounded-full transition-colors"", isLight ? ""bg-black/10"" : ""bg-white/10"")} />"
"PublicListingPreview.tsx","201","            isLight ? ""text-black"" : ""text-white"""
"PublicListingPreview.tsx","243","                 <div key={i} className={cn(""p-5 rounded-[2rem] border flex flex-col items-center gap-2 text-center transition-all"", isLight ? ""bg-black/5 border-black/5 shadow-inner"" : ""bg-white/5 border-white/5"")}>"
"PublicListingPreview.tsx","273","                        className={cn(""w-full sm:flex-1 h-14 sm:h-16 rounded-[1.5rem] font-black uppercase tracking-[0.15em] text-xs sm:text-sm transition-all"", isLight ? ""border-black/10 text-black hover:bg-black/5"" : ""border-white/10 text-white hover:bg-white/5"")}"
"RoommateMatching.tsx","77","  const isLight = theme === 'light';"
"RoommateMatching.tsx","220","        isLight ? ""bg-slate-50"" : ""bg-[#0A0A0B]"""
"RoommateMatching.tsx","234","            isLight ? ""bg-white/80 border-slate-200 text-slate-900"" : ""bg-black/40 border-white/10 text-white"""
"RoommateMatching.tsx","254","               ? isLight ? ""bg-rose-50/90 border-rose-200 text-rose-600"" : ""bg-rose-500/15 border-rose-500/40 text-rose-400"""
"RoommateMatching.tsx","255","               : isLight ? ""bg-white/80 border-slate-200 text-slate-400"" : ""bg-white/5 border-white/10 text-white/40"""
"RoommateMatching.tsx","273","             isLight ? ""bg-white/80 border-slate-200 text-slate-600"" : ""bg-white/10 border-white/20 text-white"""
"RoommateMatching.tsx","315","                    isLight ? ""bg-white border-slate-200 shadow-2xl"" : ""bg-zinc-900 border-white/5 shadow-2xl"""
"RoommateMatching.tsx","321","                  <h2 className={cn(""text-xl md:text-2xl font-bold leading-snug"", isLight ? ""text-slate-900"" : ""text-white"")}>"
"RoommateMatching.tsx","324","                  <p className={cn(""text-sm leading-relaxed"", isLight ? ""text-slate-500"" : ""text-white/60"")}>"
"RoommateMatching.tsx","415","              isLight ? ""bg-white"" : ""bg-[#0A0A0B]"""
"RoommateMatching.tsx","462","                  <p className={cn(""text-base leading-relaxed"", isLight ? ""text-slate-800"" : ""text-white/90"")}>"
"RoommateMatching.tsx","472","                      <span key={tag} className={cn(""px-3.5 py-1.5 rounded-xl border text-xs font-medium"", isLight ? ""bg-secondary border-border/40 text-foreground/80"" : ""bg-white/5 border-white/10 text-white/80"")}>"
"RoommateMatching.tsx","490","                        <div className={cn(""w-1.5 h-1.5 rounded-full"", isLight ? ""bg-foreground/30"" : ""bg-white/40"")} />"
"RoommateMatching.tsx","491","                        <span className={cn(""text-sm font-medium"", isLight ? ""text-foreground/80"" : ""text-white/80"")}>{lang}</span>"
"VapValidate.tsx","12","  const { theme, isLight } = useAppTheme();"
"VapValidate.tsx","48","      isLight ? ""bg-zinc-50"" : ""bg-black"""
"VapValidate.tsx","53","          className={cn(""p-2 rounded-full"", isLight ? ""bg-white border border-black/5"" : ""bg-white/5 border border-white/5"")}"
"VapValidate.tsx","55","          <ChevronLeft className={cn(""w-5 h-5"", isLight ? ""text-black"" : ""text-white"")} />"
"VapValidate.tsx","58","          <ShieldCheck className={cn(""w-5 h-5"", isLight ? ""text-primary"" : ""text-white"")} />"
"VapValidate.tsx","59","          <span className={cn(""text-xs font-bold tracking-widest uppercase"", isLight ? ""text-black/60"" : ""text-white/60"")}>"
"VapValidate.tsx","68","          <Loader2 className={cn(""w-8 h-8 animate-spin"", isLight ? ""text-zinc-400"" : ""text-zinc-600"")} />"
"VapValidate.tsx","76","            isLight ? ""bg-white border border-black/5 shadow-xl"" : ""bg-zinc-900 border border-white/10 shadow-2xl"""
"VapValidate.tsx","82","          <h1 className={cn(""text-2xl font-bold mb-2"", isLight ? ""text-zinc-900"" : ""text-white"")}>"
"VapValidate.tsx","85","          <p className={isLight ? ""text-zinc-500"" : ""text-zinc-400""}>"
"VapValidate.tsx","90","            isLight ? ""bg-zinc-50 border border-black/5"" : ""bg-black/40 border border-white/5"""
"VapValidate.tsx","93","              <p className={cn(""text-xs font-semibold uppercase tracking-wider mb-1"", isLight ? ""text-zinc-400"" : ""text-zinc-500"")}>Name</p>"
"VapValidate.tsx","94","              <p className={cn(""text-base font-medium"", isLight ? ""text-zinc-900"" : ""text-white"")}>{data.name}</p>"
"VapValidate.tsx","98","                <p className={cn(""text-xs font-semibold uppercase tracking-wider mb-1"", isLight ? ""text-zinc-400"" : ""text-zinc-500"")}>Occupation</p>"
"VapValidate.tsx","99","                <p className={cn(""text-base font-medium"", isLight ? ""text-zinc-900"" : ""text-white"")}>{data.occupation}</p>"
"VapValidate.tsx","104","                <p className={cn(""text-xs font-semibold uppercase tracking-wider mb-1"", isLight ? ""text-zinc-400"" : ""text-zinc-500"")}>Location</p>"
"VapValidate.tsx","105","                <p className={cn(""text-base font-medium"", isLight ? ""text-zinc-900"" : ""text-white"")}>{data.location}</p>"
"VapValidate.tsx","109","              <p className={cn(""text-xs font-semibold uppercase tracking-wider mb-1"", isLight ? ""text-zinc-400"" : ""text-zinc-500"")}>Member Since</p>"
"VapValidate.tsx","110","              <p className={cn(""text-base font-medium"", isLight ? ""text-zinc-900"" : ""text-white"")}>{data.memberSince}</p>"
"VapValidate.tsx","113","          <p className={cn(""text-xs text-center mt-8"", isLight ? ""text-zinc-400"" : ""text-zinc-600"")}>"
"VapValidate.tsx","123","            isLight ? ""bg-white border border-black/5 shadow-xl"" : ""bg-zinc-900 border border-white/10 shadow-2xl"""
"VapValidate.tsx","129","          <h1 className={cn(""text-2xl font-bold mb-2"", isLight ? ""text-zinc-900"" : ""text-white"")}>"
"VapValidate.tsx","132","          <p className={isLight ? ""text-zinc-500"" : ""text-zinc-400""}>"
"ThemeContext.ts","13","  isLight: boolean;"
"ThemeContext.ts","26","      isLight: false,"
"ThemeContext.ts","113","  const isLight = theme === 'light';"
"ThemeContext.ts","114","  const isDark = !isLight;"
"ThemeContext.ts","115","  const value = React.useMemo(() => ({ theme, isLight, isDark, setTheme }), [theme, isLight, isDark, setTheme]);"
